id,cycle_id,member_id,meal_date,day_count,night_count,created_at,updated_at,is_finalized
851,18,23,2026-01-01,0.0,45.0,2026-01-31 19:18:35.534983+00,2026-01-31 19:18:35.534983+00,false
852,18,23,2026-01-02,0.0,0.0,2026-01-31 19:18:35.534983+00,2026-01-31 19:18:35.534983+00,false
857,18,21,2026-01-01,0.0,47.0,2026-01-31 19:19:20.632459+00,2026-01-31 19:19:20.632459+00,false
858,18,21,2026-01-02,0.0,0.0,2026-01-31 19:19:20.632459+00,2026-01-31 19:19:20.632459+00,false
859,18,19,2026-01-01,0.0,41.0,2026-01-31 19:19:30.123965+00,2026-01-31 19:19:30.123965+00,false
860,18,19,2026-01-02,0.0,0.0,2026-01-31 19:19:30.123965+00,2026-01-31 19:19:30.123965+00,false
861,18,17,2026-01-01,0.0,37.0,2026-01-31 19:19:50.259645+00,2026-01-31 19:19:50.259645+00,false
862,18,17,2026-01-02,0.0,0.0,2026-01-31 19:19:50.259645+00,2026-01-31 19:19:50.259645+00,false
863,18,11,2026-01-01,0.0,62.0,2026-01-31 19:19:59.839791+00,2026-01-31 19:19:59.839791+00,false
864,18,11,2026-01-02,0.0,0.0,2026-01-31 19:19:59.839791+00,2026-01-31 19:19:59.839791+00,false
865,18,15,2026-01-01,0.0,28.0,2026-01-31 19:20:08.266915+00,2026-01-31 19:20:08.266915+00,false
866,18,15,2026-01-02,0.0,0.0,2026-01-31 19:20:08.266915+00,2026-01-31 19:20:08.266915+00,false
867,18,13,2026-01-01,0.0,18.0,2026-01-31 19:20:25.149904+00,2026-01-31 19:20:25.149904+00,false
868,18,13,2026-01-02,0.0,0.0,2026-01-31 19:20:25.149904+00,2026-01-31 19:20:25.149904+00,false
869,18,10,2026-01-01,0.0,51.0,2026-01-31 19:20:47.582861+00,2026-01-31 19:20:47.582861+00,false
870,18,10,2026-01-02,0.0,0.0,2026-01-31 19:20:47.582861+00,2026-01-31 19:20:47.582861+00,false
871,18,9,2026-01-01,0.0,41.0,2026-01-31 19:21:11.4184+00,2026-01-31 19:21:11.4184+00,false
872,18,9,2026-01-02,0.0,0.0,2026-01-31 19:21:11.4184+00,2026-01-31 19:21:11.4184+00,false
873,18,8,2026-01-01,0.0,34.0,2026-01-31 19:21:17.679908+00,2026-01-31 19:21:17.679908+00,false
874,18,8,2026-01-02,0.0,0.0,2026-01-31 19:21:17.679908+00,2026-01-31 19:21:17.679908+00,false
891,20,9,2026-02-01,0.0,0.0,2026-02-01 13:00:00.151292+00,2026-02-01 13:00:00.151292+00,true
892,20,9,2026-02-02,0.0,0.0,2026-02-01 13:00:00.151292+00,2026-02-01 13:00:00.151292+00,true
893,20,8,2026-02-01,0.0,1.0,2026-02-01 13:00:00.151292+00,2026-02-01 13:00:00.151292+00,true
894,20,8,2026-02-02,1.0,1.0,2026-02-01 13:00:00.151292+00,2026-02-01 13:00:00.151292+00,true
895,20,15,2026-02-01,0.0,1.0,2026-02-01 13:00:00.151292+00,2026-02-01 13:00:00.151292+00,true
896,20,15,2026-02-02,0.0,0.0,2026-02-01 13:00:00.151292+00,2026-02-01 13:00:00.151292+00,true
897,20,21,2026-02-01,0.0,1.0,2026-02-01 13:00:00.151292+00,2026-02-01 13:00:00.151292+00,true
898,20,21,2026-02-02,1.0,1.0,2026-02-01 13:00:00.151292+00,2026-02-01 13:00:00.151292+00,true
899,20,19,2026-02-01,0.0,1.0,2026-02-01 13:00:00.151292+00,2026-02-01 13:00:00.151292+00,true
900,20,19,2026-02-02,1.0,1.0,2026-02-01 13:00:00.151292+00,2026-02-01 13:00:00.151292+00,true
901,20,23,2026-02-01,0.0,1.0,2026-02-01 13:00:00.151292+00,2026-02-01 13:00:00.151292+00,true
902,20,23,2026-02-02,1.0,1.0,2026-02-01 13:00:00.151292+00,2026-02-01 13:00:00.151292+00,true
903,20,17,2026-02-01,0.0,1.0,2026-02-01 13:00:00.151292+00,2026-02-01 13:00:00.151292+00,true
904,20,17,2026-02-02,1.0,1.0,2026-02-01 13:00:00.151292+00,2026-02-01 13:00:00.151292+00,true
905,20,11,2026-02-01,0.0,1.0,2026-02-01 13:00:00.151292+00,2026-02-01 13:00:00.151292+00,true
906,20,11,2026-02-02,1.0,1.0,2026-02-01 13:00:00.151292+00,2026-02-01 13:00:00.151292+00,true
907,20,13,2026-02-01,0.0,0.0,2026-02-01 13:00:00.151292+00,2026-02-01 13:00:00.151292+00,true
908,20,13,2026-02-02,0.0,0.0,2026-02-01 13:00:00.151292+00,2026-02-01 13:00:00.151292+00,true
909,20,10,2026-02-01,0.0,1.0,2026-02-01 13:00:00.151292+00,2026-02-01 13:00:00.151292+00,true
910,20,10,2026-02-02,1.0,1.0,2026-02-01 13:00:00.151292+00,2026-02-01 13:00:00.151292+00,true
912,20,9,2026-02-03,0.0,0.0,2026-02-02 11:47:09.080372+00,2026-02-02 11:47:09.080372+00,true
914,20,8,2026-02-03,1.0,1.0,2026-02-02 11:47:09.080372+00,2026-02-02 11:47:09.080372+00,true
916,20,21,2026-02-03,1.0,1.0,2026-02-02 11:47:09.080372+00,2026-02-02 11:47:09.080372+00,true
918,20,10,2026-02-03,1.0,0.0,2026-02-02 11:47:09.080372+00,2026-02-02 11:47:09.080372+00,true
920,20,19,2026-02-03,1.0,1.0,2026-02-02 11:47:09.080372+00,2026-02-02 11:47:09.080372+00,true
922,20,15,2026-02-03,0.0,1.0,2026-02-02 11:47:09.080372+00,2026-02-02 11:47:09.080372+00,true
924,20,23,2026-02-03,1.0,1.0,2026-02-02 11:47:09.080372+00,2026-02-02 11:47:09.080372+00,true
926,20,17,2026-02-03,1.0,3.0,2026-02-02 11:47:09.080372+00,2026-02-02 11:47:09.080372+00,true
928,20,11,2026-02-03,1.0,1.0,2026-02-02 11:47:09.080372+00,2026-02-02 11:47:09.080372+00,true
930,20,13,2026-02-03,0.0,0.0,2026-02-02 11:47:09.080372+00,2026-02-02 11:47:09.080372+00,true
966,20,9,2026-02-04,0.0,0.0,2026-02-03 13:00:00.145536+00,2026-02-03 13:00:00.145536+00,true
968,20,21,2026-02-04,1.0,0.0,2026-02-03 13:00:00.145536+00,2026-02-03 13:00:00.145536+00,true
970,20,10,2026-02-04,1.0,1.0,2026-02-03 13:00:00.145536+00,2026-02-03 13:00:00.145536+00,true
972,20,19,2026-02-04,1.0,1.0,2026-02-03 13:00:00.145536+00,2026-02-03 13:00:00.145536+00,true
974,20,15,2026-02-04,0.0,1.0,2026-02-03 13:00:00.145536+00,2026-02-03 13:00:00.145536+00,true
976,20,8,2026-02-04,1.0,1.0,2026-02-03 13:00:00.145536+00,2026-02-03 13:00:00.145536+00,true
978,20,23,2026-02-04,1.0,1.0,2026-02-03 13:00:00.145536+00,2026-02-03 13:00:00.145536+00,true
979,20,25,2026-02-03,0.0,0.0,2026-02-03 13:00:00.145536+00,2026-02-03 13:00:00.145536+00,true
980,20,25,2026-02-04,0.0,0.0,2026-02-03 13:00:00.145536+00,2026-02-03 13:00:00.145536+00,true
982,20,17,2026-02-04,1.0,0.0,2026-02-03 13:00:00.145536+00,2026-02-03 13:00:00.145536+00,true
984,20,11,2026-02-04,1.0,1.0,2026-02-03 13:00:00.145536+00,2026-02-03 13:00:00.145536+00,true
986,20,13,2026-02-04,0.0,0.0,2026-02-03 13:00:00.145536+00,2026-02-03 13:00:00.145536+00,true
990,20,9,2026-02-05,0.0,0.0,2026-02-04 13:00:00.149889+00,2026-02-04 13:00:00.149889+00,true
992,20,21,2026-02-05,1.0,0.0,2026-02-04 13:00:00.149889+00,2026-02-04 13:00:00.149889+00,true
994,20,10,2026-02-05,1.0,1.0,2026-02-04 13:00:00.149889+00,2026-02-04 13:00:00.149889+00,true
996,20,19,2026-02-05,1.0,0.0,2026-02-04 13:00:00.149889+00,2026-02-04 13:00:00.149889+00,true
998,20,8,2026-02-05,1.0,0.0,2026-02-04 13:00:00.149889+00,2026-02-04 13:00:00.149889+00,true
1000,20,23,2026-02-05,1.0,1.0,2026-02-04 13:00:00.149889+00,2026-02-04 13:00:00.149889+00,true
1002,20,17,2026-02-05,1.0,0.0,2026-02-04 13:00:00.149889+00,2026-02-04 13:00:00.149889+00,true
1004,20,11,2026-02-05,1.0,1.0,2026-02-04 13:00:00.149889+00,2026-02-04 13:00:00.149889+00,true
1006,20,13,2026-02-05,0.0,0.0,2026-02-04 13:00:00.149889+00,2026-02-04 13:00:00.149889+00,true
1008,20,25,2026-02-05,0.0,0.0,2026-02-04 13:00:00.149889+00,2026-02-04 13:00:00.149889+00,true
1010,20,15,2026-02-05,0.0,0.0,2026-02-04 13:00:00.149889+00,2026-02-04 13:00:00.149889+00,true
1012,20,9,2026-02-06,0.0,0.0,2026-02-05 13:00:00.137329+00,2026-02-05 13:00:00.137329+00,true
1014,20,21,2026-02-06,0.0,1.0,2026-02-05 13:00:00.137329+00,2026-02-05 13:00:00.137329+00,true
1016,20,10,2026-02-06,1.0,0.0,2026-02-05 13:00:00.137329+00,2026-02-05 13:00:00.137329+00,true
1018,20,19,2026-02-06,0.0,0.0,2026-02-05 13:00:00.137329+00,2026-02-05 13:00:00.137329+00,true
1020,20,8,2026-02-06,1.0,0.0,2026-02-05 13:00:00.137329+00,2026-02-05 13:00:00.137329+00,true
1022,20,23,2026-02-06,0.0,1.0,2026-02-05 13:00:00.137329+00,2026-02-05 13:00:00.137329+00,true
1024,20,17,2026-02-06,1.0,0.0,2026-02-05 13:00:00.137329+00,2026-02-05 13:00:00.137329+00,true
1026,20,11,2026-02-06,0.0,0.0,2026-02-05 13:00:00.137329+00,2026-02-05 13:00:00.137329+00,true
1028,20,13,2026-02-06,0.0,0.0,2026-02-05 13:00:00.137329+00,2026-02-05 13:00:00.137329+00,true
1030,20,25,2026-02-06,0.0,0.0,2026-02-05 13:00:00.137329+00,2026-02-05 13:00:00.137329+00,true
1032,20,15,2026-02-06,1.0,0.0,2026-02-05 13:00:00.137329+00,2026-02-05 13:00:00.137329+00,true
1034,20,9,2026-02-07,0.0,0.0,2026-02-06 13:00:00.154665+00,2026-02-06 13:00:00.154665+00,true
1036,20,21,2026-02-07,1.0,1.0,2026-02-06 13:00:00.154665+00,2026-02-06 13:00:00.154665+00,true
1038,20,10,2026-02-07,1.0,1.0,2026-02-06 13:00:00.154665+00,2026-02-06 13:00:00.154665+00,true
1040,20,19,2026-02-07,0.0,1.0,2026-02-06 13:00:00.154665+00,2026-02-06 13:00:00.154665+00,true
1042,20,8,2026-02-07,1.0,1.0,2026-02-06 13:00:00.154665+00,2026-02-06 13:00:00.154665+00,true
1044,20,23,2026-02-07,1.0,0.0,2026-02-06 13:00:00.154665+00,2026-02-06 13:00:00.154665+00,true
1046,20,17,2026-02-07,1.0,0.0,2026-02-06 13:00:00.154665+00,2026-02-06 13:00:00.154665+00,true
1048,20,11,2026-02-07,0.0,0.0,2026-02-06 13:00:00.154665+00,2026-02-06 13:00:00.154665+00,true
1050,20,13,2026-02-07,0.0,0.0,2026-02-06 13:00:00.154665+00,2026-02-06 13:00:00.154665+00,true
1052,20,25,2026-02-07,0.0,0.0,2026-02-06 13:00:00.154665+00,2026-02-06 13:00:00.154665+00,true
1054,20,15,2026-02-07,1.0,1.0,2026-02-06 13:00:00.154665+00,2026-02-06 13:00:00.154665+00,true
1056,20,9,2026-02-08,0.0,0.0,2026-02-07 13:00:00.140894+00,2026-02-07 13:00:00.140894+00,true
1058,20,21,2026-02-08,1.0,1.0,2026-02-07 13:00:00.140894+00,2026-02-07 13:00:00.140894+00,true
1060,20,10,2026-02-08,1.0,1.0,2026-02-07 13:00:00.140894+00,2026-02-07 13:00:00.140894+00,true
1062,20,19,2026-02-08,0.0,1.0,2026-02-07 13:00:00.140894+00,2026-02-07 13:00:00.140894+00,true
1064,20,8,2026-02-08,1.0,1.0,2026-02-07 13:00:00.140894+00,2026-02-07 13:00:00.140894+00,true
1066,20,23,2026-02-08,1.0,1.0,2026-02-07 13:00:00.140894+00,2026-02-07 13:00:00.140894+00,true
1068,20,17,2026-02-08,1.0,0.0,2026-02-07 13:00:00.140894+00,2026-02-07 13:00:00.140894+00,true
1070,20,11,2026-02-08,1.0,1.0,2026-02-07 13:00:00.140894+00,2026-02-07 13:00:00.140894+00,true
1072,20,13,2026-02-08,0.0,0.0,2026-02-07 13:00:00.140894+00,2026-02-07 13:00:00.140894+00,true
1074,20,25,2026-02-08,0.0,0.0,2026-02-07 13:00:00.140894+00,2026-02-07 13:00:00.140894+00,true
1076,20,15,2026-02-08,0.0,1.0,2026-02-07 13:00:00.140894+00,2026-02-07 13:00:00.140894+00,true
1088,20,9,2026-02-09,0.0,0.0,2026-02-08 13:00:00.137004+00,2026-02-08 13:00:00.137004+00,true
1090,20,21,2026-02-09,1.0,0.0,2026-02-08 13:00:00.137004+00,2026-02-08 13:00:00.137004+00,true
1092,20,10,2026-02-09,1.0,0.0,2026-02-08 13:00:00.137004+00,2026-02-08 13:00:00.137004+00,true
1094,20,19,2026-02-09,1.0,1.0,2026-02-08 13:00:00.137004+00,2026-02-08 13:00:00.137004+00,true
1096,20,8,2026-02-09,1.0,0.0,2026-02-08 13:00:00.137004+00,2026-02-08 13:00:00.137004+00,true
1098,20,23,2026-02-09,1.0,1.0,2026-02-08 13:00:00.137004+00,2026-02-08 13:00:00.137004+00,true
1100,20,17,2026-02-09,1.0,0.0,2026-02-08 13:00:00.137004+00,2026-02-08 13:00:00.137004+00,true
1102,20,11,2026-02-09,1.0,1.0,2026-02-08 13:00:00.137004+00,2026-02-08 13:00:00.137004+00,true
1104,20,13,2026-02-09,0.0,0.0,2026-02-08 13:00:00.137004+00,2026-02-08 13:00:00.137004+00,true
1106,20,25,2026-02-09,0.0,0.0,2026-02-08 13:00:00.137004+00,2026-02-08 13:00:00.137004+00,true
1108,20,15,2026-02-09,0.0,1.0,2026-02-08 13:00:00.137004+00,2026-02-08 13:00:00.137004+00,true
1110,20,9,2026-02-10,0.0,0.0,2026-02-09 13:00:00.138917+00,2026-02-09 13:00:00.138917+00,true
1112,20,21,2026-02-10,1.0,0.0,2026-02-09 13:00:00.138917+00,2026-02-09 13:00:00.138917+00,true
1114,20,10,2026-02-10,1.0,1.0,2026-02-09 13:00:00.138917+00,2026-02-09 13:00:00.138917+00,true
1116,20,19,2026-02-10,1.0,1.0,2026-02-09 13:00:00.138917+00,2026-02-09 13:00:00.138917+00,true
1118,20,8,2026-02-10,1.0,1.0,2026-02-09 13:00:00.138917+00,2026-02-09 13:00:00.138917+00,true
1120,20,23,2026-02-10,1.0,0.0,2026-02-09 13:00:00.138917+00,2026-02-09 13:00:00.138917+00,true
1122,20,17,2026-02-10,1.0,0.0,2026-02-09 13:00:00.138917+00,2026-02-09 13:00:00.138917+00,true
1124,20,11,2026-02-10,1.0,1.0,2026-02-09 13:00:00.138917+00,2026-02-09 13:00:00.138917+00,true
1126,20,13,2026-02-10,0.0,0.0,2026-02-09 13:00:00.138917+00,2026-02-09 13:00:00.138917+00,true
1128,20,25,2026-02-10,0.0,0.0,2026-02-09 13:00:00.138917+00,2026-02-09 13:00:00.138917+00,true
1130,20,15,2026-02-10,0.0,1.0,2026-02-09 13:00:00.138917+00,2026-02-09 13:00:00.138917+00,true
1138,20,15,2026-02-11,1.0,0.0,2026-02-10 14:00:00.154627+00,2026-02-10 14:00:00.154627+00,true
1140,20,9,2026-02-11,0.0,0.0,2026-02-10 14:00:00.154627+00,2026-02-10 14:00:00.154627+00,true
1142,20,21,2026-02-11,0.0,0.0,2026-02-10 14:00:00.154627+00,2026-02-10 14:00:00.154627+00,true
1144,20,10,2026-02-11,1.0,0.0,2026-02-10 14:00:00.154627+00,2026-02-10 14:00:00.154627+00,true
1146,20,19,2026-02-11,1.0,0.0,2026-02-10 14:00:00.154627+00,2026-02-10 14:00:00.154627+00,true
1148,20,8,2026-02-11,1.0,0.0,2026-02-10 14:00:00.154627+00,2026-02-10 14:00:00.154627+00,true
1150,20,23,2026-02-11,0.0,0.0,2026-02-10 14:00:00.154627+00,2026-02-10 14:00:00.154627+00,true
1152,20,17,2026-02-11,0.0,0.0,2026-02-10 14:00:00.154627+00,2026-02-10 14:00:00.154627+00,true
1154,20,11,2026-02-11,1.0,0.0,2026-02-10 14:00:00.154627+00,2026-02-10 14:00:00.154627+00,true
1156,20,13,2026-02-11,0.0,0.0,2026-02-10 14:00:00.154627+00,2026-02-10 14:00:00.154627+00,true
1158,20,25,2026-02-11,0.0,0.0,2026-02-10 14:00:00.154627+00,2026-02-10 14:00:00.154627+00,true
1160,20,15,2026-02-12,0.0,0.0,2026-02-11 14:00:00.136466+00,2026-02-11 14:00:00.136466+00,true
1162,20,9,2026-02-12,0.0,0.0,2026-02-11 14:00:00.136466+00,2026-02-11 14:00:00.136466+00,true
1164,20,21,2026-02-12,0.0,0.0,2026-02-11 14:00:00.136466+00,2026-02-11 14:00:00.136466+00,true
1166,20,10,2026-02-12,0.0,0.0,2026-02-11 14:00:00.136466+00,2026-02-11 14:00:00.136466+00,true
1168,20,19,2026-02-12,0.0,0.0,2026-02-11 14:00:00.136466+00,2026-02-11 14:00:00.136466+00,true
1170,20,8,2026-02-12,0.0,0.0,2026-02-11 14:00:00.136466+00,2026-02-11 14:00:00.136466+00,true
1172,20,23,2026-02-12,0.0,0.0,2026-02-11 14:00:00.136466+00,2026-02-11 14:00:00.136466+00,true
1174,20,17,2026-02-12,0.0,0.0,2026-02-11 14:00:00.136466+00,2026-02-11 14:00:00.136466+00,true
1176,20,11,2026-02-12,0.0,0.0,2026-02-11 14:00:00.136466+00,2026-02-11 14:00:00.136466+00,true
1178,20,13,2026-02-12,0.0,0.0,2026-02-11 14:00:00.136466+00,2026-02-11 14:00:00.136466+00,true
1180,20,25,2026-02-12,0.0,0.0,2026-02-11 14:00:00.136466+00,2026-02-11 14:00:00.136466+00,true
1182,20,15,2026-02-13,0.0,1.0,2026-02-12 14:00:00.147632+00,2026-02-12 14:00:00.147632+00,true
1184,20,9,2026-02-13,0.0,0.0,2026-02-12 14:00:00.147632+00,2026-02-12 14:00:00.147632+00,true
1186,20,21,2026-02-13,0.0,1.0,2026-02-12 14:00:00.147632+00,2026-02-12 14:00:00.147632+00,true
1188,20,10,2026-02-13,0.0,0.0,2026-02-12 14:00:00.147632+00,2026-02-12 14:00:00.147632+00,true
1190,20,19,2026-02-13,0.0,1.0,2026-02-12 14:00:00.147632+00,2026-02-12 14:00:00.147632+00,true
1192,20,8,2026-02-13,0.0,0.0,2026-02-12 14:00:00.147632+00,2026-02-12 14:00:00.147632+00,true
1194,20,23,2026-02-13,0.0,0.0,2026-02-12 14:00:00.147632+00,2026-02-12 14:00:00.147632+00,true
1196,20,17,2026-02-13,0.0,0.0,2026-02-12 14:00:00.147632+00,2026-02-12 14:00:00.147632+00,true
1198,20,11,2026-02-13,0.0,1.0,2026-02-12 14:00:00.147632+00,2026-02-12 14:00:00.147632+00,true
1200,20,13,2026-02-13,0.0,0.0,2026-02-12 14:00:00.147632+00,2026-02-12 14:00:00.147632+00,true
1202,20,25,2026-02-13,0.0,0.0,2026-02-12 14:00:00.147632+00,2026-02-12 14:00:00.147632+00,true
1204,20,15,2026-02-14,1.0,1.0,2026-02-13 14:00:00.120431+00,2026-02-13 14:00:00.120431+00,true
1206,20,9,2026-02-14,0.0,0.0,2026-02-13 14:00:00.120431+00,2026-02-13 14:00:00.120431+00,true
1208,20,21,2026-02-14,1.0,1.0,2026-02-13 14:00:00.120431+00,2026-02-13 14:00:00.120431+00,true
1210,20,10,2026-02-14,1.0,1.0,2026-02-13 14:00:00.120431+00,2026-02-13 14:00:00.120431+00,true
1212,20,19,2026-02-14,1.0,1.0,2026-02-13 14:00:00.120431+00,2026-02-13 14:00:00.120431+00,true
1214,20,8,2026-02-14,1.0,1.0,2026-02-13 14:00:00.120431+00,2026-02-13 14:00:00.120431+00,true
1216,20,23,2026-02-14,0.0,0.0,2026-02-13 14:00:00.120431+00,2026-02-13 14:00:00.120431+00,true
1218,20,17,2026-02-14,0.0,0.0,2026-02-13 14:00:00.120431+00,2026-02-13 14:00:00.120431+00,true
1220,20,11,2026-02-14,1.0,1.0,2026-02-13 14:00:00.120431+00,2026-02-13 14:00:00.120431+00,true
1222,20,13,2026-02-14,0.0,0.0,2026-02-13 14:00:00.120431+00,2026-02-13 14:00:00.120431+00,true
1224,20,25,2026-02-14,0.0,0.0,2026-02-13 14:00:00.120431+00,2026-02-13 14:00:00.120431+00,true
1242,20,15,2026-02-15,0.0,1.0,2026-02-14 14:00:00.131712+00,2026-02-14 14:00:00.131712+00,true
1244,20,9,2026-02-15,0.0,1.0,2026-02-14 14:00:00.131712+00,2026-02-14 14:00:00.131712+00,true
1246,20,21,2026-02-15,1.0,1.0,2026-02-14 14:00:00.131712+00,2026-02-14 14:00:00.131712+00,true
1248,20,10,2026-02-15,1.0,1.0,2026-02-14 14:00:00.131712+00,2026-02-14 14:00:00.131712+00,true
1250,20,19,2026-02-15,1.0,1.0,2026-02-14 14:00:00.131712+00,2026-02-14 14:00:00.131712+00,true
1252,20,8,2026-02-15,1.0,1.0,2026-02-14 14:00:00.131712+00,2026-02-14 14:00:00.131712+00,true
1254,20,23,2026-02-15,0.0,0.0,2026-02-14 14:00:00.131712+00,2026-02-14 14:00:00.131712+00,true
1256,20,17,2026-02-15,0.0,0.0,2026-02-14 14:00:00.131712+00,2026-02-14 14:00:00.131712+00,true
1258,20,11,2026-02-15,1.0,1.0,2026-02-14 14:00:00.131712+00,2026-02-14 14:00:00.131712+00,true
1260,20,13,2026-02-15,0.0,0.0,2026-02-14 14:00:00.131712+00,2026-02-14 14:00:00.131712+00,true
1262,20,25,2026-02-15,0.0,0.0,2026-02-14 14:00:00.131712+00,2026-02-14 14:00:00.131712+00,true
1264,20,15,2026-02-16,0.0,1.0,2026-02-15 14:00:00.131002+00,2026-02-15 14:00:00.131002+00,true
1266,20,9,2026-02-16,1.0,1.0,2026-02-15 14:00:00.131002+00,2026-02-15 14:00:00.131002+00,true
1268,20,21,2026-02-16,1.0,1.0,2026-02-15 14:00:00.131002+00,2026-02-15 14:00:00.131002+00,true
1270,20,10,2026-02-16,1.0,1.0,2026-02-15 14:00:00.131002+00,2026-02-15 14:00:00.131002+00,true
1272,20,19,2026-02-16,1.0,1.0,2026-02-15 14:00:00.131002+00,2026-02-15 14:00:00.131002+00,true
1274,20,8,2026-02-16,1.0,1.0,2026-02-15 14:00:00.131002+00,2026-02-15 14:00:00.131002+00,true
1276,20,23,2026-02-16,0.0,0.0,2026-02-15 14:00:00.131002+00,2026-02-15 14:00:00.131002+00,true
1278,20,17,2026-02-16,1.0,0.0,2026-02-15 14:00:00.131002+00,2026-02-15 14:00:00.131002+00,true
1280,20,11,2026-02-16,1.0,1.0,2026-02-15 14:00:00.131002+00,2026-02-15 14:00:00.131002+00,true
1282,20,13,2026-02-16,0.0,0.0,2026-02-15 14:00:00.131002+00,2026-02-15 14:00:00.131002+00,true
1284,20,25,2026-02-16,0.0,0.0,2026-02-15 14:00:00.131002+00,2026-02-15 14:00:00.131002+00,true
1286,20,15,2026-02-17,0.0,1.0,2026-02-16 14:00:00.13448+00,2026-02-16 14:00:00.13448+00,true
1288,20,9,2026-02-17,1.0,1.0,2026-02-16 14:00:00.13448+00,2026-02-16 14:00:00.13448+00,true
1290,20,21,2026-02-17,1.0,0.0,2026-02-16 14:00:00.13448+00,2026-02-16 14:00:00.13448+00,true
1292,20,10,2026-02-17,1.0,1.0,2026-02-16 14:00:00.13448+00,2026-02-16 14:00:00.13448+00,true
1294,20,19,2026-02-17,1.0,1.0,2026-02-16 14:00:00.13448+00,2026-02-16 14:00:00.13448+00,true
1296,20,8,2026-02-17,1.0,1.0,2026-02-16 14:00:00.13448+00,2026-02-16 14:00:00.13448+00,true
1298,20,23,2026-02-17,0.0,0.0,2026-02-16 14:00:00.13448+00,2026-02-16 14:00:00.13448+00,true
1300,20,17,2026-02-17,1.0,0.0,2026-02-16 14:00:00.13448+00,2026-02-16 14:00:00.13448+00,true
1302,20,11,2026-02-17,1.0,1.0,2026-02-16 14:00:00.13448+00,2026-02-16 14:00:00.13448+00,true
1304,20,13,2026-02-17,0.0,0.0,2026-02-16 14:00:00.13448+00,2026-02-16 14:00:00.13448+00,true
1306,20,25,2026-02-17,0.0,0.0,2026-02-16 14:00:00.13448+00,2026-02-16 14:00:00.13448+00,true
1310,20,15,2026-02-18,0.0,1.0,2026-02-17 14:00:00.14056+00,2026-02-17 14:00:00.14056+00,true
1312,20,9,2026-02-18,1.0,1.0,2026-02-17 14:00:00.14056+00,2026-02-17 14:00:00.14056+00,true
1314,20,21,2026-02-18,1.0,0.0,2026-02-17 14:00:00.14056+00,2026-02-17 14:00:00.14056+00,true
1316,20,10,2026-02-18,1.0,1.0,2026-02-17 14:00:00.14056+00,2026-02-17 14:00:00.14056+00,true
1318,20,19,2026-02-18,1.0,1.0,2026-02-17 14:00:00.14056+00,2026-02-17 14:00:00.14056+00,true
1320,20,8,2026-02-18,1.0,1.0,2026-02-17 14:00:00.14056+00,2026-02-17 14:00:00.14056+00,true
1322,20,23,2026-02-18,0.0,0.0,2026-02-17 14:00:00.14056+00,2026-02-17 14:00:00.14056+00,true
1324,20,17,2026-02-18,1.0,0.0,2026-02-17 14:00:00.14056+00,2026-02-17 14:00:00.14056+00,true
1326,20,11,2026-02-18,1.0,1.0,2026-02-17 14:00:00.14056+00,2026-02-17 14:00:00.14056+00,true
1328,20,13,2026-02-18,0.0,0.0,2026-02-17 14:00:00.14056+00,2026-02-17 14:00:00.14056+00,true
1330,20,25,2026-02-18,0.0,0.0,2026-02-17 14:00:00.14056+00,2026-02-17 14:00:00.14056+00,true
1332,20,9,2026-02-19,1.0,1.0,2026-02-18 16:00:00.13993+00,2026-02-18 16:00:00.13993+00,true
1334,20,15,2026-02-19,0.0,1.0,2026-02-18 16:00:00.13993+00,2026-02-18 16:00:00.13993+00,true
1336,20,21,2026-02-19,0.0,0.0,2026-02-18 16:00:00.13993+00,2026-02-18 16:00:00.13993+00,true
1338,20,10,2026-02-19,0.0,0.0,2026-02-18 16:00:00.13993+00,2026-02-18 16:00:00.13993+00,true
1340,20,19,2026-02-19,1.0,1.0,2026-02-18 16:00:00.13993+00,2026-02-18 16:00:00.13993+00,true
1342,20,8,2026-02-19,1.0,1.0,2026-02-18 16:00:00.13993+00,2026-02-18 16:00:00.13993+00,true
1344,20,23,2026-02-19,0.0,0.0,2026-02-18 16:00:00.13993+00,2026-02-18 16:00:00.13993+00,true
1346,20,17,2026-02-19,1.0,0.0,2026-02-18 16:00:00.13993+00,2026-02-18 16:00:00.13993+00,true
1348,20,11,2026-02-19,0.0,1.0,2026-02-18 16:00:00.13993+00,2026-02-18 16:00:00.13993+00,true
1350,20,13,2026-02-19,0.0,0.0,2026-02-18 16:00:00.13993+00,2026-02-18 16:00:00.13993+00,true
1352,20,25,2026-02-19,0.0,0.0,2026-02-18 16:00:00.13993+00,2026-02-18 16:00:00.13993+00,true
1354,20,9,2026-02-20,1.0,0.0,2026-02-19 16:00:00.112068+00,2026-02-19 16:00:00.112068+00,true
1356,20,15,2026-02-20,1.0,0.0,2026-02-19 16:00:00.112068+00,2026-02-19 16:00:00.112068+00,true
1358,20,21,2026-02-20,1.0,0.0,2026-02-19 16:00:00.112068+00,2026-02-19 16:00:00.112068+00,true
1360,20,10,2026-02-20,1.0,0.0,2026-02-19 16:00:00.112068+00,2026-02-19 16:00:00.112068+00,true
1362,20,19,2026-02-20,1.0,1.0,2026-02-19 16:00:00.112068+00,2026-02-19 16:00:00.112068+00,true
1364,20,8,2026-02-20,1.0,0.0,2026-02-19 16:00:00.112068+00,2026-02-19 16:00:00.112068+00,true
1366,20,23,2026-02-20,0.0,0.0,2026-02-19 16:00:00.112068+00,2026-02-19 16:00:00.112068+00,true
1368,20,17,2026-02-20,1.0,0.0,2026-02-19 16:00:00.112068+00,2026-02-19 16:00:00.112068+00,true
1370,20,11,2026-02-20,1.0,1.0,2026-02-19 16:00:00.112068+00,2026-02-19 16:00:00.112068+00,true
1372,20,13,2026-02-20,0.0,0.0,2026-02-19 16:00:00.112068+00,2026-02-19 16:00:00.112068+00,true
1374,20,25,2026-02-20,0.0,0.0,2026-02-19 16:00:00.112068+00,2026-02-19 16:00:00.112068+00,true
1376,20,9,2026-02-21,1.0,0.0,2026-02-20 16:00:00.1456+00,2026-02-20 16:00:00.1456+00,true
1378,20,15,2026-02-21,1.0,1.0,2026-02-20 16:00:00.1456+00,2026-02-20 16:00:00.1456+00,true
1380,20,21,2026-02-21,1.0,0.0,2026-02-20 16:00:00.1456+00,2026-02-20 16:00:00.1456+00,true
1382,20,10,2026-02-21,1.0,0.0,2026-02-20 16:00:00.1456+00,2026-02-20 16:00:00.1456+00,true
1384,20,19,2026-02-21,1.0,1.0,2026-02-20 16:00:00.1456+00,2026-02-20 16:00:00.1456+00,true
1386,20,8,2026-02-21,0.0,1.0,2026-02-20 16:00:00.1456+00,2026-02-20 16:00:00.1456+00,true
1388,20,23,2026-02-21,0.0,0.0,2026-02-20 16:00:00.1456+00,2026-02-20 16:00:00.1456+00,true
1390,20,17,2026-02-21,1.0,0.0,2026-02-20 16:00:00.1456+00,2026-02-20 16:00:00.1456+00,true
1392,20,11,2026-02-21,1.0,1.0,2026-02-20 16:00:00.1456+00,2026-02-20 16:00:00.1456+00,true
1394,20,13,2026-02-21,0.0,0.0,2026-02-20 16:00:00.1456+00,2026-02-20 16:00:00.1456+00,true
1396,20,25,2026-02-21,0.0,0.0,2026-02-20 16:00:00.1456+00,2026-02-20 16:00:00.1456+00,true
1398,20,9,2026-02-22,1.0,0.0,2026-02-21 16:00:00.189122+00,2026-02-21 16:00:00.189122+00,true
1400,20,15,2026-02-22,1.0,1.0,2026-02-21 16:00:00.189122+00,2026-02-21 16:00:00.189122+00,true
1402,20,21,2026-02-22,1.0,0.0,2026-02-21 16:00:00.189122+00,2026-02-21 16:00:00.189122+00,true
1404,20,10,2026-02-22,0.0,0.0,2026-02-21 16:00:00.189122+00,2026-02-21 16:00:00.189122+00,true
1406,20,19,2026-02-22,1.0,0.0,2026-02-21 16:00:00.189122+00,2026-02-21 16:00:00.189122+00,true
1408,20,8,2026-02-22,1.0,1.0,2026-02-21 16:00:00.189122+00,2026-02-21 16:00:00.189122+00,true
1410,20,23,2026-02-22,0.0,0.0,2026-02-21 16:00:00.189122+00,2026-02-21 16:00:00.189122+00,true
1412,20,17,2026-02-22,1.0,0.0,2026-02-21 16:00:00.189122+00,2026-02-21 16:00:00.189122+00,true
1414,20,11,2026-02-22,1.0,1.0,2026-02-21 16:00:00.189122+00,2026-02-21 16:00:00.189122+00,true
1416,20,13,2026-02-22,0.0,0.0,2026-02-21 16:00:00.189122+00,2026-02-21 16:00:00.189122+00,true
1418,20,25,2026-02-22,0.0,0.0,2026-02-21 16:00:00.189122+00,2026-02-21 16:00:00.189122+00,true
1420,20,9,2026-02-23,1.0,0.0,2026-02-22 16:00:00.131593+00,2026-02-22 16:00:00.131593+00,true
1422,20,15,2026-02-23,1.0,1.0,2026-02-22 16:00:00.131593+00,2026-02-22 16:00:00.131593+00,true
1424,20,21,2026-02-23,1.0,1.0,2026-02-22 16:00:00.131593+00,2026-02-22 16:00:00.131593+00,true
1426,20,10,2026-02-23,0.0,0.0,2026-02-22 16:00:00.131593+00,2026-02-22 16:00:00.131593+00,true
1428,20,19,2026-02-23,1.0,1.0,2026-02-22 16:00:00.131593+00,2026-02-22 16:00:00.131593+00,true
1430,20,8,2026-02-23,1.0,0.0,2026-02-22 16:00:00.131593+00,2026-02-22 16:00:00.131593+00,true
1432,20,23,2026-02-23,0.0,0.0,2026-02-22 16:00:00.131593+00,2026-02-22 16:00:00.131593+00,true
1434,20,17,2026-02-23,1.0,0.0,2026-02-22 16:00:00.131593+00,2026-02-22 16:00:00.131593+00,true
1436,20,11,2026-02-23,1.0,1.0,2026-02-22 16:00:00.131593+00,2026-02-22 16:00:00.131593+00,true
1438,20,13,2026-02-23,0.0,0.0,2026-02-22 16:00:00.131593+00,2026-02-22 16:00:00.131593+00,true
1440,20,25,2026-02-23,0.0,0.0,2026-02-22 16:00:00.131593+00,2026-02-22 16:00:00.131593+00,true
1442,20,9,2026-02-24,1.0,1.0,2026-02-23 16:00:00.062358+00,2026-02-23 16:00:00.062358+00,true
1444,20,15,2026-02-24,1.0,1.0,2026-02-23 16:00:00.062358+00,2026-02-23 16:00:00.062358+00,true
1446,20,21,2026-02-24,1.0,0.0,2026-02-23 16:00:00.062358+00,2026-02-23 16:00:00.062358+00,true
1448,20,10,2026-02-24,0.0,0.0,2026-02-23 16:00:00.062358+00,2026-02-23 16:00:00.062358+00,true
1450,20,19,2026-02-24,1.0,1.0,2026-02-23 16:00:00.062358+00,2026-02-23 16:00:00.062358+00,true
1452,20,8,2026-02-24,0.0,1.0,2026-02-23 16:00:00.062358+00,2026-02-23 16:00:00.062358+00,true
1454,20,23,2026-02-24,0.0,0.0,2026-02-23 16:00:00.062358+00,2026-02-23 16:00:00.062358+00,true
1456,20,17,2026-02-24,1.0,0.0,2026-02-23 16:00:00.062358+00,2026-02-23 16:00:00.062358+00,true
1458,20,11,2026-02-24,1.0,0.0,2026-02-23 16:00:00.062358+00,2026-02-23 16:00:00.062358+00,true
1460,20,13,2026-02-24,0.0,0.0,2026-02-23 16:00:00.062358+00,2026-02-23 16:00:00.062358+00,true
1462,20,25,2026-02-24,0.0,0.0,2026-02-23 16:00:00.062358+00,2026-02-23 16:00:00.062358+00,true
1464,20,9,2026-02-25,1.0,0.0,2026-02-24 16:00:00.17015+00,2026-02-24 16:00:00.17015+00,true
1466,20,15,2026-02-25,1.0,1.0,2026-02-24 16:00:00.17015+00,2026-02-24 16:00:00.17015+00,true
1468,20,23,2026-02-25,0.0,0.0,2026-02-24 16:00:00.17015+00,2026-02-24 16:00:00.17015+00,true
1470,20,21,2026-02-25,1.0,0.0,2026-02-24 16:00:00.17015+00,2026-02-24 16:00:00.17015+00,true
1472,20,10,2026-02-25,0.0,0.0,2026-02-24 16:00:00.17015+00,2026-02-24 16:00:00.17015+00,true
1474,20,19,2026-02-25,1.0,1.0,2026-02-24 16:00:00.17015+00,2026-02-24 16:00:00.17015+00,true
1476,20,8,2026-02-25,1.0,1.0,2026-02-24 16:00:00.17015+00,2026-02-24 16:00:00.17015+00,true
1478,20,17,2026-02-25,1.0,0.0,2026-02-24 16:00:00.17015+00,2026-02-24 16:00:00.17015+00,true
1480,20,11,2026-02-25,1.0,1.0,2026-02-24 16:00:00.17015+00,2026-02-24 16:00:00.17015+00,true
1482,20,13,2026-02-25,0.0,0.0,2026-02-24 16:00:00.17015+00,2026-02-24 16:00:00.17015+00,true
1484,20,25,2026-02-25,0.0,0.0,2026-02-24 16:00:00.17015+00,2026-02-24 16:00:00.17015+00,true
1490,20,9,2026-02-26,1.0,0.0,2026-02-25 16:00:00.131314+00,2026-02-25 16:00:00.131314+00,true
1492,20,15,2026-02-26,1.0,0.0,2026-02-25 16:00:00.131314+00,2026-02-25 16:00:00.131314+00,true
1494,20,23,2026-02-26,0.0,0.0,2026-02-25 16:00:00.131314+00,2026-02-25 16:00:00.131314+00,true
1496,20,21,2026-02-26,1.0,1.0,2026-02-25 16:00:00.131314+00,2026-02-25 16:00:00.131314+00,true
1498,20,10,2026-02-26,0.0,0.0,2026-02-25 16:00:00.131314+00,2026-02-25 16:00:00.131314+00,true
1500,20,19,2026-02-26,1.0,1.0,2026-02-25 16:00:00.131314+00,2026-02-25 16:00:00.131314+00,true
1502,20,8,2026-02-26,1.0,0.0,2026-02-25 16:00:00.131314+00,2026-02-25 16:00:00.131314+00,true
1504,20,17,2026-02-26,1.0,0.0,2026-02-25 16:00:00.131314+00,2026-02-25 16:00:00.131314+00,true
1506,20,11,2026-02-26,0.0,1.0,2026-02-25 16:00:00.131314+00,2026-02-25 16:00:00.131314+00,true
1508,20,13,2026-02-26,0.0,0.0,2026-02-25 16:00:00.131314+00,2026-02-25 16:00:00.131314+00,true
1510,20,25,2026-02-26,0.0,0.0,2026-02-25 16:00:00.131314+00,2026-02-25 16:00:00.131314+00,true
1512,20,9,2026-02-27,1.0,0.0,2026-02-26 16:00:00.174564+00,2026-02-26 16:00:00.174564+00,true
1514,20,15,2026-02-27,1.0,0.0,2026-02-26 16:00:00.174564+00,2026-02-26 16:00:00.174564+00,true
1516,20,23,2026-02-27,0.0,0.0,2026-02-26 16:00:00.174564+00,2026-02-26 16:00:00.174564+00,true
1518,20,21,2026-02-27,1.0,1.0,2026-02-26 16:00:00.174564+00,2026-02-26 16:00:00.174564+00,true
1520,20,10,2026-02-27,0.0,0.0,2026-02-26 16:00:00.174564+00,2026-02-26 16:00:00.174564+00,true
1522,20,19,2026-02-27,1.0,1.0,2026-02-26 16:00:00.174564+00,2026-02-26 16:00:00.174564+00,true
1524,20,8,2026-02-27,0.0,1.0,2026-02-26 16:00:00.174564+00,2026-02-26 16:00:00.174564+00,true
1526,20,17,2026-02-27,1.0,0.0,2026-02-26 16:00:00.174564+00,2026-02-26 16:00:00.174564+00,true
1528,20,11,2026-02-27,1.0,1.0,2026-02-26 16:00:00.174564+00,2026-02-26 16:00:00.174564+00,true
1530,20,13,2026-02-27,0.0,0.0,2026-02-26 16:00:00.174564+00,2026-02-26 16:00:00.174564+00,true
1532,20,25,2026-02-27,0.0,0.0,2026-02-26 16:00:00.174564+00,2026-02-26 16:00:00.174564+00,true
1534,20,9,2026-02-28,1.0,0.0,2026-02-27 16:00:00.162393+00,2026-02-27 16:00:00.162393+00,true
1536,20,23,2026-02-28,0.0,0.0,2026-02-27 16:00:00.162393+00,2026-02-27 16:00:00.162393+00,true
1538,20,21,2026-02-28,1.0,0.0,2026-02-27 16:00:00.162393+00,2026-02-27 16:00:00.162393+00,true
1540,20,15,2026-02-28,1.0,0.0,2026-02-27 16:00:00.162393+00,2026-02-27 16:00:00.162393+00,true
1542,20,10,2026-02-28,0.0,0.0,2026-02-27 16:00:00.162393+00,2026-02-27 16:00:00.162393+00,true
1544,20,19,2026-02-28,1.0,0.0,2026-02-27 16:00:00.162393+00,2026-02-27 16:00:00.162393+00,true
1546,20,8,2026-02-28,1.0,0.0,2026-02-27 16:00:00.162393+00,2026-02-27 16:00:00.162393+00,true
1548,20,17,2026-02-28,1.0,0.0,2026-02-27 16:00:00.162393+00,2026-02-27 16:00:00.162393+00,true
1550,20,11,2026-02-28,1.0,0.0,2026-02-27 16:00:00.162393+00,2026-02-27 16:00:00.162393+00,true
1552,20,13,2026-02-28,0.0,0.0,2026-02-27 16:00:00.162393+00,2026-02-27 16:00:00.162393+00,true
1554,20,25,2026-02-28,0.0,0.0,2026-02-27 16:00:00.162393+00,2026-02-27 16:00:00.162393+00,true
1558,21,25,2026-03-01,0.0,0.0,2026-02-28 14:03:31.407221+00,2026-02-28 14:03:31.407221+00,true
1560,21,9,2026-03-01,1.0,0.0,2026-02-28 16:00:00.173183+00,2026-02-28 16:00:00.173183+00,true
1562,20,23,2026-03-01,0.0,0.0,2026-02-28 16:00:00.173183+00,2026-02-28 16:00:00.173183+00,true
1564,21,21,2026-03-01,1.0,1.0,2026-02-28 16:00:00.173183+00,2026-02-28 16:00:00.173183+00,true
1566,21,15,2026-03-01,1.0,0.0,2026-02-28 16:00:00.173183+00,2026-02-28 16:00:00.173183+00,true
1567,20,27,2026-02-28,0.0,0.0,2026-02-28 16:00:00.173183+00,2026-02-28 16:00:00.173183+00,true
1568,21,27,2026-03-01,1.0,0.0,2026-02-28 16:00:00.173183+00,2026-02-28 16:00:00.173183+00,true
1570,20,10,2026-03-01,0.0,0.0,2026-02-28 16:00:00.173183+00,2026-02-28 16:00:00.173183+00,true
1572,21,19,2026-03-01,1.0,1.0,2026-02-28 16:00:00.173183+00,2026-02-28 16:00:00.173183+00,true
1574,21,8,2026-03-01,1.0,1.0,2026-02-28 16:00:00.173183+00,2026-02-28 16:00:00.173183+00,true
1576,21,17,2026-03-01,1.0,1.0,2026-02-28 16:00:00.173183+00,2026-02-28 16:00:00.173183+00,true
1578,21,11,2026-03-01,1.0,1.0,2026-02-28 16:00:00.173183+00,2026-02-28 16:00:00.173183+00,true
1580,20,13,2026-03-01,0.0,0.0,2026-02-28 16:00:00.173183+00,2026-02-28 16:00:00.173183+00,true
1584,21,23,2026-03-02,0.0,0.0,2026-03-01 16:00:00.164613+00,2026-03-01 16:00:00.164613+00,true
1586,21,15,2026-03-02,1.0,1.0,2026-03-01 16:00:00.164613+00,2026-03-01 16:00:00.164613+00,true
1588,21,27,2026-03-02,1.0,0.0,2026-03-01 16:00:00.164613+00,2026-03-01 16:00:00.164613+00,true
1590,21,21,2026-03-02,1.0,1.0,2026-03-01 16:00:00.164613+00,2026-03-01 16:00:00.164613+00,true
1592,21,19,2026-03-02,0.0,1.0,2026-03-01 16:00:00.164613+00,2026-03-01 16:00:00.164613+00,true
1594,21,9,2026-03-02,1.0,0.0,2026-03-01 16:00:00.164613+00,2026-03-01 16:00:00.164613+00,true
1596,21,10,2026-03-02,0.0,0.0,2026-03-01 16:00:00.164613+00,2026-03-01 16:00:00.164613+00,true
1598,21,8,2026-03-02,1.0,1.0,2026-03-01 16:00:00.164613+00,2026-03-01 16:00:00.164613+00,true
1600,21,17,2026-03-02,1.0,0.0,2026-03-01 16:00:00.164613+00,2026-03-01 16:00:00.164613+00,true
1602,21,11,2026-03-02,1.0,1.0,2026-03-01 16:00:00.164613+00,2026-03-01 16:00:00.164613+00,true
1604,21,13,2026-03-02,0.0,0.0,2026-03-01 16:00:00.164613+00,2026-03-01 16:00:00.164613+00,true
1606,21,25,2026-03-02,1.0,0.0,2026-03-01 16:00:00.164613+00,2026-03-01 16:00:00.164613+00,true
1686,21,23,2026-03-03,0.0,0.0,2026-03-02 13:13:40.597938+00,2026-03-02 13:13:40.597938+00,false
1688,21,15,2026-03-03,0.0,0.0,2026-03-02 13:13:40.597938+00,2026-03-02 13:13:40.597938+00,false
1690,21,21,2026-03-03,1.0,0.0,2026-03-02 13:13:40.597938+00,2026-03-02 13:13:40.597938+00,false
1692,21,19,2026-03-03,0.0,0.0,2026-03-02 13:13:40.597938+00,2026-03-02 13:13:40.597938+00,false
1694,21,9,2026-03-03,1.0,0.0,2026-03-02 13:13:40.597938+00,2026-03-02 13:13:40.597938+00,false
1696,21,10,2026-03-03,1.0,0.0,2026-03-02 13:13:40.597938+00,2026-03-02 13:13:40.597938+00,false
1698,21,25,2026-03-03,1.0,0.0,2026-03-02 13:13:40.597938+00,2026-03-02 13:13:40.597938+00,false
1700,21,8,2026-03-03,1.0,0.0,2026-03-02 13:13:40.597938+00,2026-03-02 13:13:40.597938+00,false
1702,21,27,2026-03-03,1.0,0.0,2026-03-02 13:13:40.597938+00,2026-03-02 13:13:40.597938+00,false
1704,21,17,2026-03-03,1.0,0.0,2026-03-02 13:13:40.597938+00,2026-03-02 13:13:40.597938+00,false
1706,21,11,2026-03-03,1.0,0.0,2026-03-02 13:13:40.597938+00,2026-03-02 13:13:40.597938+00,false
1708,21,13,2026-03-03,0.0,0.0,2026-03-02 13:13:40.597938+00,2026-03-02 13:13:40.597938+00,false